shipment_status_id,delivery_days,percentile
328,231,0.9072164948453608
955,231,0.9072164948453608
690,234,0.9278350515463918
42,235,0.9381443298969072
6,245,0.9484536082474226
902,254,0.9587628865979382
977,259,0.9690721649484536
211,281,0.979381443298969
191,287,0.9896907216494846
1,290,1
